epoch,time,train/box_loss,train/cls_loss,train/dfl_loss,metrics/precision(B),metrics/recall(B),metrics/mAP50(B),metrics/mAP50-95(B),val/box_loss,val/cls_loss,val/dfl_loss,lr/pg0,lr/pg1,lr/pg2
1,55.9817,2.0003,5.90456,1.51992,0.00153,0.45763,0.00121,0.00055,1.15486,4.01373,1.00353,0.00323529,0.00323529,0.0708824
2,102.095,1.55683,3.21017,1.1283,1,0.35189,0.87313,0.32044,1.79066,2.88075,1.47742,0.0065036,0.0065036,0.0408173
3,148.051,1.7732,2.50463,1.23549,1,0.07241,0.76982,0.38014,1.55798,2.98371,1.2776,0.0097059,0.0097059,0.0106863
4,193.321,1.65907,2.28732,1.15858,0.95382,0.86441,0.93869,0.51201,1.42708,2.15675,1.20702,0.009703,0.009703,0.009703
5,238.932,1.70545,2.08898,1.16451,0.90858,0.79661,0.88329,0.46917,1.54257,1.7222,1.29391,0.009604,0.009604,0.009604
6,284.032,1.55756,1.93244,1.19681,0.74861,0.86441,0.85884,0.3985,1.63663,2.06756,1.45213,0.009505,0.009505,0.009505
7,329.97,1.56613,1.94768,1.16576,0.94312,0.91525,0.96391,0.57789,1.41285,2.08148,1.21109,0.009406,0.009406,0.009406
8,375.759,1.27639,2.06557,1.02333,0.93505,0.98305,0.96936,0.63525,1.23512,1.46909,1.0945,0.009307,0.009307,0.009307
9,421.551,1.32792,1.64316,1.02479,0.86775,0.9661,0.9751,0.60974,1.22664,1.35467,1.09141,0.009208,0.009208,0.009208
10,466.3,1.37341,1.63821,1.0427,0.96427,0.9322,0.97822,0.65399,1.11216,1.76186,1.02566,0.009109,0.009109,0.009109
11,514.956,1.35102,1.37295,1.02721,0.97752,0.94915,0.98728,0.63872,1.21744,1.56992,1.12287,0.00901,0.00901,0.00901
12,562.755,1.19055,1.36553,1.00351,0.98226,0.9386,0.98167,0.63525,1.26441,1.05251,1.16897,0.008911,0.008911,0.008911
13,607.691,1.29508,1.30023,1.03653,0.99179,0.94915,0.99006,0.66822,1.14475,0.90391,1.0353,0.008812,0.008812,0.008812
14,653.128,1.21411,1.23257,1.04366,0.94972,0.96056,0.9903,0.68542,1.12282,0.92884,1.00537,0.008713,0.008713,0.008713
15,697.713,1.19303,1.12462,0.99106,0.96665,0.9827,0.99095,0.66897,1.08969,1.15898,0.99832,0.008614,0.008614,0.008614
16,749.051,1.103,1.20365,0.9723,0.96484,0.98305,0.99201,0.67678,1.07646,1.14565,0.99388,0.008515,0.008515,0.008515
17,800.754,1.14178,1.10731,0.95106,0.98903,0.98305,0.99355,0.65901,1.11737,0.91229,1.00055,0.008416,0.008416,0.008416
18,850.902,1.16255,1.03254,0.98792,0.99211,0.98305,0.99408,0.66375,1.1839,0.73821,1.00869,0.008317,0.008317,0.008317
19,901.22,1.11443,0.93052,0.95218,0.99495,0.98305,0.99483,0.66081,1.16089,0.71401,0.99758,0.008218,0.008218,0.008218
20,947.159,1.10954,0.94181,0.92975,1,0.99761,0.995,0.66001,1.18093,0.71335,0.9953,0.008119,0.008119,0.008119
21,992.604,1.08381,0.87876,0.92262,1,0.99791,0.995,0.643,1.21103,0.73723,1.03501,0.00802,0.00802,0.00802
22,1038.21,1.08447,0.86808,0.9665,1,0.99803,0.995,0.69485,1.03283,0.76948,0.98423,0.007921,0.007921,0.007921
23,1084.18,1.17594,0.9112,0.97066,1,0.99722,0.995,0.67584,1.03425,0.71082,0.9795,0.007822,0.007822,0.007822
24,1129.1,1.12832,0.84187,0.92192,0.99689,0.98305,0.99483,0.67116,1.10073,0.6801,0.98778,0.007723,0.007723,0.007723
25,1174.52,1.02115,0.8378,0.93905,0.98305,0.98272,0.99403,0.6363,1.03872,0.80015,0.97181,0.007624,0.007624,0.007624
26,1220.48,1.05982,0.83897,0.90344,1,0.98298,0.99467,0.72954,1.00761,0.63935,0.97121,0.007525,0.007525,0.007525
27,1266.08,1.03628,0.76847,0.94141,1,0.98215,0.99467,0.68689,1.08175,0.5978,0.98042,0.007426,0.007426,0.007426
28,1310.67,1.00311,0.73784,0.93344,1,0.98261,0.99452,0.66216,1.04639,0.68789,0.97754,0.007327,0.007327,0.007327
29,1355.79,0.97223,0.7359,0.92151,1,0.98103,0.99368,0.70486,1.09843,0.58686,0.98305,0.007228,0.007228,0.007228
30,1401.73,1.01034,0.69053,0.91424,0.99825,0.98305,0.99381,0.71419,1.03163,0.61023,0.97122,0.007129,0.007129,0.007129
31,1446.67,1.01897,0.69704,0.92603,0.99551,0.98305,0.99408,0.68249,1.09544,0.59849,0.98285,0.00703,0.00703,0.00703
32,1492.29,1.00891,0.68006,0.89246,1,0.96313,0.99408,0.68077,1.11248,0.60723,0.97788,0.006931,0.006931,0.006931
33,1537.56,0.98569,0.68693,0.90485,1,0.94764,0.99274,0.69981,1.09579,0.62759,0.97332,0.006832,0.006832,0.006832
34,1582.84,0.97102,0.64888,0.90389,1,0.94718,0.99335,0.74532,0.96743,0.55181,0.94693,0.006733,0.006733,0.006733
35,1629.11,1.01219,0.66953,0.91066,0.98303,0.98183,0.99417,0.72383,1.04128,0.60036,0.95542,0.006634,0.006634,0.006634
36,1674.72,0.96406,0.63886,0.91996,1,0.9638,0.99385,0.71765,1.04556,0.59055,0.94307,0.006535,0.006535,0.006535
37,1726.73,0.91402,0.64984,0.90494,1,0.96435,0.99355,0.69259,1.03487,0.57281,0.93846,0.006436,0.006436,0.006436
38,1774.36,0.97328,0.62626,0.90048,0.99977,0.9661,0.9945,0.72122,0.98888,0.56939,0.93396,0.006337,0.006337,0.006337
39,1819.81,0.92723,0.61663,0.91106,0.99716,1,0.995,0.73582,0.99808,0.55728,0.93917,0.006238,0.006238,0.006238
40,1869.82,0.97537,0.62267,0.90094,0.99885,1,0.995,0.74511,0.91349,0.54796,0.94043,0.006139,0.006139,0.006139
41,1916.76,0.90241,0.62486,0.88878,1,0.99985,0.995,0.72909,0.95257,0.56758,0.94369,0.00604,0.00604,0.00604
42,1963.38,0.88466,0.60638,0.88841,1,0.99791,0.995,0.74054,1.00566,0.53881,0.94024,0.005941,0.005941,0.005941
43,2009.33,0.91969,0.58394,0.91497,0.99931,0.98305,0.99483,0.74023,0.9942,0.51871,0.94079,0.005842,0.005842,0.005842
44,2054.27,0.92208,0.59755,0.88385,1,0.97935,0.99483,0.72063,1.05812,0.54288,0.94972,0.005743,0.005743,0.005743
45,2099.68,0.8882,0.58394,0.8628,0.9965,1,0.995,0.72576,1.00024,0.55603,0.94219,0.005644,0.005644,0.005644
46,2146.33,0.89069,0.59663,0.88994,1,0.98256,0.99483,0.7373,0.95571,0.51473,0.94355,0.005545,0.005545,0.005545
47,2197.01,0.87723,0.59029,0.90772,1,0.9996,0.995,0.73006,1.01319,0.50709,0.97693,0.005446,0.005446,0.005446
48,2245.65,0.90054,0.59135,0.8532,1,0.98725,0.995,0.7117,1.05511,0.53547,0.96982,0.005347,0.005347,0.005347
49,2295.97,0.8694,0.5942,0.86885,0.98846,0.98305,0.99483,0.71293,0.98925,0.53326,0.94324,0.005248,0.005248,0.005248
50,2345.79,0.86403,0.5541,0.86735,0.98306,0.98347,0.99483,0.74677,0.92896,0.50626,0.93619,0.005149,0.005149,0.005149
51,2396.13,0.88165,0.58453,0.87906,1,0.98386,0.995,0.76943,0.90877,0.50984,0.93696,0.00505,0.00505,0.00505
52,2447.14,0.79937,0.5472,0.86462,0.98451,0.98305,0.99483,0.74164,0.95508,0.502,0.94377,0.004951,0.004951,0.004951
53,2498.62,0.82329,0.55482,0.87466,1,0.94908,0.99354,0.71123,1.00218,0.53684,0.95491,0.004852,0.004852,0.004852
54,2548.97,0.81722,0.55544,0.86685,1,0.98068,0.99467,0.73707,0.93733,0.53914,0.9445,0.004753,0.004753,0.004753
55,2598.94,0.81248,0.53791,0.86646,1,0.94816,0.99274,0.71972,0.98457,0.52304,0.93867,0.004654,0.004654,0.004654
56,2646.45,0.89539,0.55021,0.88269,0.9992,0.94915,0.99274,0.70733,1.06829,0.51338,0.95182,0.004555,0.004555,0.004555
57,2691.01,0.85349,0.53188,0.86952,1,0.96593,0.99452,0.71997,1.01748,0.52269,0.93627,0.004456,0.004456,0.004456
58,2736.62,0.78189,0.51118,0.84801,0.9952,0.98305,0.99467,0.75949,0.88805,0.49609,0.93238,0.004357,0.004357,0.004357
59,2780.88,0.83039,0.52864,0.86886,0.99363,0.98305,0.99437,0.76783,0.87415,0.49893,0.92778,0.004258,0.004258,0.004258
60,2826.15,0.7775,0.51007,0.8642,0.99468,0.98305,0.99381,0.74153,0.96655,0.49648,0.93847,0.004159,0.004159,0.004159
61,2871.76,0.81307,0.52523,0.87719,0.99586,0.98305,0.99422,0.73511,0.94346,0.49188,0.93407,0.00406,0.00406,0.00406
62,2922.94,0.78717,0.50389,0.87346,0.99593,0.98305,0.99408,0.74494,0.94852,0.48951,0.92089,0.003961,0.003961,0.003961
63,2973.42,0.7554,0.5202,0.87275,0.99511,0.98305,0.99408,0.74332,0.97248,0.50469,0.92922,0.003862,0.003862,0.003862
64,3023.25,0.77587,0.49946,0.86875,0.99231,0.98305,0.99394,0.75125,0.92114,0.4847,0.93044,0.003763,0.003763,0.003763
65,3073.45,0.79395,0.49619,0.86094,1,0.9474,0.99222,0.77633,0.8905,0.48165,0.91862,0.003664,0.003664,0.003664
66,3124.08,0.71888,0.48431,0.85397,0.99831,0.9322,0.99005,0.70603,1.00882,0.50238,0.94279,0.003565,0.003565,0.003565
67,3174.28,0.75138,0.4784,0.84377,1,0.94722,0.991,0.73752,0.94623,0.49343,0.93454,0.003466,0.003466,0.003466
68,3224.77,0.75538,0.47959,0.84401,1,0.94748,0.9885,0.76214,0.90285,0.48786,0.92489,0.003367,0.003367,0.003367
69,3275.09,0.74707,0.48515,0.85429,1,0.94767,0.9874,0.76011,0.92438,0.4857,0.92852,0.003268,0.003268,0.003268
70,3325.57,0.73513,0.48572,0.84428,1,0.94803,0.98666,0.74237,0.95796,0.47981,0.93523,0.003169,0.003169,0.003169
71,3376.56,0.71777,0.48886,0.84726,1,0.94822,0.98446,0.73426,0.99547,0.47445,0.94683,0.00307,0.00307,0.00307
72,3427.09,0.77849,0.48906,0.86768,1,0.94883,0.98368,0.76337,0.89778,0.48642,0.92963,0.002971,0.002971,0.002971
73,3477.41,0.71197,0.47001,0.83472,0.99911,0.94915,0.9845,0.74602,0.92643,0.49558,0.94118,0.002872,0.002872,0.002872
74,3527.89,0.73362,0.46252,0.85436,0.99949,0.94915,0.98511,0.73865,0.97094,0.47906,0.94759,0.002773,0.002773,0.002773
75,3576.04,0.7265,0.46822,0.8538,0.98288,0.97329,0.98611,0.75472,0.91253,0.46359,0.93672,0.002674,0.002674,0.002674
76,3624.51,0.70031,0.4668,0.85997,0.97448,0.98305,0.98808,0.74625,0.93445,0.47589,0.93169,0.002575,0.002575,0.002575
77,3673.15,0.69277,0.45791,0.84423,0.97746,0.98305,0.98989,0.7586,0.91367,0.45909,0.93128,0.002476,0.002476,0.002476
78,3719.09,0.66789,0.45019,0.84746,0.97955,0.98305,0.99189,0.74776,0.95201,0.46595,0.93543,0.002377,0.002377,0.002377
79,3764.02,0.708,0.4567,0.8451,0.97766,0.98305,0.9924,0.74422,0.95717,0.47004,0.93085,0.002278,0.002278,0.002278
80,3809.45,0.68797,0.4481,0.84707,0.97761,0.98305,0.99275,0.76183,0.93494,0.46988,0.92519,0.002179,0.002179,0.002179
81,3855.25,0.67519,0.44052,0.83641,0.97898,0.98305,0.99326,0.75376,0.95156,0.45883,0.93617,0.00208,0.00208,0.00208
82,3900.5,0.67421,0.43316,0.83967,0.979,0.98305,0.993,0.73975,0.95725,0.46321,0.92835,0.001981,0.001981,0.001981
83,3945.76,0.65259,0.43735,0.83232,0.97954,0.98305,0.99313,0.75688,0.89885,0.45358,0.91966,0.001882,0.001882,0.001882
84,3991.53,0.64812,0.42561,0.83791,0.97855,0.98305,0.99313,0.74593,0.92836,0.43421,0.92298,0.001783,0.001783,0.001783
85,4036.62,0.69419,0.44791,0.82796,0.9764,0.98305,0.99287,0.73606,0.95678,0.46013,0.92383,0.001684,0.001684,0.001684
